aargh,abaca,aback,abaft,abase,abash,abate,abaya,abbes,abbey,abbot,abeam,abele,abets,abhor,abide,abled,abler,abode,abort,about,above,abuna,abuse,abuts,abuzz,abysm,abyss,acari,accas,acerb,acers,achar,ached,aches,acids,acing,acini,ackee,acmes,acorn,acres,acrid,acted,actin,actor,acute,adage,adapt,addax,added,adder,addle,adept,adhan,adieu,adios,adits,adman,admen,admin,admit,admix,adobe,adobo,adopt,adore,adorn,adult,adust,adyta,adzed,adzes,aegis,aeons,aerie,afara,affix,afire,afoot,afore,afoul,afrit,afros,after,again,agama,agape,agate,agave,agent,aggro,agile,aging,agios,agism,agist,agita,aglet,agley,aglow,agmas,agony,agora,agree,agues,ahead,aided,aides,aight,ailed,aimed,aioli,aired,airer,aisle,aitch,ajuga,akees,akela,alaap,alack,alaps,alarm,alate,albas,album,alcid,alder,aldol,alecs,aleph,alert,algae,algal,alias,alibi,alien,align,alike,aline,alive,alkie,alkyd,alkyl,allay,allee,alley,allod,allot,allow,alloy,allyl,aloes,aloft,aloha,alone,along,aloof,aloud,alpha,altar,alter,altos,alula,alums,alway,amahs,amass,amaze,amber,ambit,amble,ambos,ambry,ameba,amend,amens,ament,amice,amici,amide,amigo,amine,amino,amirs,amiss,amity,amnia,amnio,amole,among,amour,amped,ample,amply,ampul,amrit,amuse,ancho,ancon,andro,anele,anent,angel,anger,angle,anglo,angry,angst,anima,anime,anion,anise,ankhs,ankle,ankus,annal,annas,annex,annoy,annul,anoas,anode,anole,anomy,anted,antes,antic,antis,antra,antsy,anvil,aorta,apace,apart,apery,aphid,aphis,apian,aping,apish,apnea,appal,apple,apply,apres,apron,apses,apsis,apter,aptly,arame,arbor,arced,ardor,areas,areca,arena,arete,argan,argil,argol,argon,argot,argue,argus,arhat,arias,ariel,arils,arise,armed,armor,aroha,aroid,aroma,arose,arrah,arras,array,arris,arrow,arsed,arses,arsey,arsis,arson,artel,artic,artsy,arums,arvos,asana,ascot,ascus,ashen,
ashes,ashet,aside,asked,askew,aspen,aspic,assai,assay,asses,asset,aster,astir,aswim,ataxy,atilt,atlas,atman,atoll,atoms,atomy,atone,atria,attap,attar,attic,audio,audit,auger,aught,augur,aunts,aunty,aurae,aural,aurar,auras,aurei,auric,autos,auxin,avail,avant,avast,avens,avers,avert,avgas,avian,avoid,avows,await,awake,award,aware,awash,aways,awful,awing,awoke,axels,axial,axils,axing,axiom,axion,axles,axman,axmen,axons,ayahs,azans,azide,azine,azoic,azure,baaed,babas,babel,babes,babul,babus,baccy,backs,bacon,baddy,badge,badly,bagel,baggy,baghs,bahus,bails,bairn,baits,baize,bajra,baked,baker,bakes,baldy,baled,baler,bales,balks,balky,balls,bally,balms,balmy,balsa,balti,balun,banal,banco,bandh,bands,bandy,banes,bangs,bania,banjo,banks,banns,bants,bapus,barbs,bardo,bards,bardy,bared,barer,bares,barfs,barge,barks,barmy,barns,baron,barre,barry,basal,based,baser,bases,basho,basic,basil,basin,basis,basks,bassi,basso,baste,batch,bated,bates,bathe,baths,batik,baton,batts,batty,bauds,baulk,bawds,bawdy,bawls,bawns,bayed,bayou,bazoo,beach,beads,beady,beaks,beaky,beams,beamy,beano,beans,beard,bears,beast,beats,beaus,beaut,beaux,bebop,becks,bedad,bedel,bedew,bedim,beech,beedi,beefs,beefy,beeps,beers,beery,beets,befit,befog,begad,began,begat,beget,begin,begot,begum,begun,beige,being,belay,belch,belie,belle,bells,belly,below,belts,bemas,bench,bends,bendy,benga,benne,benny,bento,bents,beret,bergs,berko,berks,berms,berry,berth,beryl,beset,besom,bests,betas,betel,beths,bevel,bevvy,bezel,bhaji,bhang,bhuna,bialy,bibbs,bible,biddy,bided,bides,bidet,bidis,bidon,biers,biffo,biffs,biffy,bifid,bigha,bight,bigly,bigot,bijou,biked,biker,bikes,bikie,bilbo,bilby,bilge,bilks,bills,billy,bimah,bimas,bimbo,bindi,binds,bines,binge,bingo,bings,bints,biogs,biome,biota,biped,bipod,birch,birds,
birls,biros,birrs,birth,bison,bitch,biter,bites,bitts,bitty,bivvy,bizzo,bizzy,blabs,black,blade,blags,blahs,blain,blame,bland,blank,blare,blase,blast,blats,blaze,bleak,blear,bleat,blebs,bleed,bleep,blend,blent,bless,blest,blimp,blind,bling,blini,blink,bliny,blips,bliss,blitz,bloat,blobs,block,blocs,blogs,bloke,blond,blood,bloom,bloop,blots,blown,blows,blowy,blubs,blued,bluer,blues,bluet,bluey,bluff,blunt,blurb,blurs,blurt,blush,boaks,board,boars,boart,boast,boats,bobas,bobby,bobol,bocce,bocci,boche,bocks,boded,bodes,bodge,bodhi,boffo,boffs,bogan,bogey,boggy,bogie,bogle,bogus,bohea,bohos,boils,boing,boink,boked,bokeh,bokes,bolar,bolas,boles,bolls,bolos,bolts,bolus,bomas,bombe,bombs,bonce,bonds,boned,boner,bones,bongo,bongs,bonks,bonne,bonny,bonus,bonza,bonze,boobs,booby,booed,boofy,books,booms,boomy,boong,boons,boors,boost,booth,boots,booty,booze,boozy,boras,borax,bored,borer,bores,boric,borks,borne,boron,bosie,bosky,bosom,boson,bossy,bosun,botch,botel,bothy,botty,bough,boule,boult,bound,bourn,bouts,bovid,bowed,bowel,bower,bowie,bowls,boxed,boxer,boxes,boxty,boyar,boyfs,boyos,bozos,braai,brace,brack,bract,brads,braes,brags,braid,brail,brain,brake,brand,brane,brant,brash,brass,brats,brave,bravo,brawl,brawn,braxy,brays,braze,bread,break,bream,breed,brens,breve,brews,briar,bribe,brick,bride,brief,brier,brigs,brill,brims,brine,bring,brink,briny,brise,brisk,brits,broad,broch,brock,broil,broke,brome,bromo,bronc,brond,brood,brook,broom,brose,broth,brown,brows,bruin,bruit,brume,brunt,brush,brute,bubal,bubba,buchu,bucko,bucks,buddy,budge,buffo,buffs,buggy,bugle,build,built,bulbs,bulge,bulgy,bulks,bulky,bulla,bulls,bully,bumph,bumps,bumpy,bunce,bunch,bunco,bunds,bundt,bundu,bungs,bunko,bunks,bunny,bunts,bunya,buoys,burbs,buret,burgh,burgs,burin,burka,burke,burks,
burls,burly,burns,burnt,buroo,burps,burqa,burro,burrs,bursa,burse,burst,busby,bused,buses,bushy,busks,busts,busty,butch,buteo,butle,butte,butts,butty,butut,butyl,buxom,buyer,buzzy,bwana,bylaw,byres,byssi,bytes,byway,cabal,cabby,caber,cabin,cable,cacao,cache,cacks,cacti,caddy,cadet,cadge,cadis,cadre,caeca,cafes,caffs,caged,cages,cagey,cahow,cairn,cajun,caked,cakes,calif,calix,calks,calla,calls,calms,calve,calyx,camas,camel,cameo,cames,camis,campo,camps,campy,canal,candy,caned,canes,canid,canna,canny,canoe,canon,canst,canto,cants,caped,caper,capes,capex,capon,capos,capot,carat,carbo,carbs,cardi,cards,cardy,cared,carer,cares,caret,carex,cargo,carks,carls,carny,carob,carol,carom,carpi,carps,carrs,carry,carse,carte,carts,carve,casas,cased,cases,casks,caste,casts,catch,cater,cates,catty,caulk,cauls,cause,cavas,caved,caves,cavil,cawed,cease,cebid,cecum,cedar,ceded,cedes,cedis,ceiba,ceili,ceils,celeb,cella,cello,cells,celom,celts,cense,cento,cents,ceorl,cerci,ceres,ceros,certs,cesti,chack,chads,chafe,chaff,chain,chair,chalk,chals,champ,chams,chana,chant,chaos,chape,chaps,chard,charm,charr,chars,chart,chary,chase,chasm,chats,chavs,chaws,cheap,cheat,check,cheek,cheep,cheer,chefs,chela,chemo,chert,chess,chest,chevy,chews,chewy,chias,chibs,chica,chick,chide,chief,child,chile,chili,chill,chimb,chime,chimp,china,chine,chink,chino,chins,chips,chirm,chiro,chirp,chirr,chiru,chits,chive,chivy,chock,chocs,chode,choir,choke,choko,choky,choli,cholo,chomp,choof,chook,choom,choon,chops,chord,chore,chose,chota,chowk,chows,chubs,chuck,chufa,chuff,chugs,chump,chums,chunk,churl,churn,churr,chute,chyle,chyme,cider,cigar,ciggy,cilia,cills,cinch,circa,circs,cirri,cisco,cissy,cists,cited,cites,civet,civic,civil,civvy,clack,clade,clads,claim,clamp,clams,clang,clank,clans,claps,clart,
clary,clash,clasp,class,clast,clave,claws,clays,clean,clear,cleat,clefs,cleft,clegs,clepe,clept,clerk,clews,click,cliff,climb,clime,cline,cling,clink,clint,clips,clits,cloak,clock,clods,clogs,clomb,clomp,clone,clonk,clops,close,cloth,clots,cloud,clous,clout,clove,clown,cloys,clubs,cluck,clued,clues,clump,clung,clunk,coach,coals,coast,coati,coats,cobby,cobia,coble,cobra,cocas,cocci,cocks,cocky,cocoa,cocos,codas,codec,coded,coder,codes,codex,codon,coeds,cogon,cohen,cohoe,cohos,coifs,coign,coils,coins,coirs,coked,cokes,colas,colds,coles,coley,colic,colon,color,colts,colza,comae,comas,combe,combi,combo,combs,comer,comes,comet,comfy,comic,comma,commo,comms,compo,comps,conch,condo,coned,cones,coney,conga,conge,conic,conks,conns,conus,convo,cooch,cooed,cooee,cooks,cools,coomb,coons,coops,coopt,coots,cooze,copal,coped,coper,copes,copra,copse,coral,cords,cored,cores,corgi,corks,corky,corms,corns,cornu,corny,corps,corse,coses,coset,costa,costs,cotes,cotta,couch,cough,could,count,coupe,coups,court,couth,coved,coven,cover,coves,covet,covey,covin,cowed,cower,cowls,cowps,cowry,coxae,coxed,coxes,coyer,coyly,coypu,cozen,crabs,crack,craft,crags,craic,crake,cramp,crams,crane,crank,crans,crape,craps,crash,crass,crate,crave,crawl,craws,crays,craze,crazy,creak,cream,credo,creed,creek,creel,creep,creme,crepe,crept,cress,crest,crews,cribs,crick,cried,crier,cries,crime,crimp,crims,crisp,crits,croak,croci,crock,crocs,croft,crone,cronk,crony,crook,croon,crops,crore,cross,croup,crowd,crown,crows,croze,cruck,crude,cruds,cruel,cruet,cruft,crumb,crump,crunk,cruor,crura,cruse,crush,crust,crypt,cubby,cubeb,cubed,cubes,cubic,cubit,cuddy,cuffs,cuish,cukes,culch,culex,culls,cully,culms,culpa,cults,cumec,cumin,cunts,cunty,cupel,cuppa,cuppy,curbs,curds,cured,cures,curie,curio,curls,curly,
curry,curse,curst,curve,curvy,cusec,cushy,cusks,cusps,cutch,cuter,cutey,cutie,cutin,cutis,cutty,cutup,cuvee,cwtch,cyano,cyber,cycad,cycle,cyclo,cyder,cymae,cymas,cymes,cynic,cysts,czars,dacha,dadah,dadas,daddy,dados,daffs,daffy,dagga,daggy,dagos,daily,dairy,daisy,dales,dally,damar,dames,damns,damps,dance,dandy,dangs,danio,dared,dares,dargs,darks,darky,darns,darts,dated,dater,dates,datum,daube,daubs,daunt,daven,davit,dawns,dazed,dazes,deals,dealt,deans,dears,death,debag,debar,debby,debit,debts,debug,debus,debut,debye,decad,decaf,decal,decay,decks,decor,decoy,decry,deeds,deedy,deems,deeps,deets,defat,defer,deffo,degas,degus,deify,deign,deism,deity,deked,dekes,dekko,delay,deled,deles,delft,delis,dells,delph,delta,delts,delve,demes,demit,demob,demon,demos,demur,denar,denes,denim,denis,dense,dents,depot,depth,derby,derma,derro,desex,deshi,desks,deter,detox,deuce,devas,devil,devon,dewan,dewar,dewax,dewed,dexes,dhobi,dhole,dhols,dhoti,dhows,dials,diary,diazo,diced,dices,dicey,dicks,dicky,dicot,dicta,dicty,diddy,didos,didst,diene,diets,diffs,dight,digit,diked,dikes,dildo,dills,dilly,dimer,dimes,dimly,dimps,dinar,dined,diner,dines,dingo,dings,dingy,dinks,dinky,dinos,dints,diode,diols,dippy,dipso,diram,direr,dirge,dirks,dirty,disco,discs,dishy,disks,ditch,ditsy,ditto,ditty,ditzy,divan,divas,dived,diver,dives,divis,divot,divvy,diwan,dixie,diyas,dizzy,djinn,dobby,dobra,dobro,docks,docos,dodge,dodgy,dodos,doeks,doers,doest,doeth,doffs,doges,doggo,doggy,dogie,dogma,dohyo,doily,doing,dojos,dolce,doled,doles,dolls,dolly,dolma,dolor,dolts,domal,domed,domes,donee,donga,dongs,donna,donor,donut,dooms,doomy,doona,doors,doozy,doped,dopes,dopey,dorks,dorky,dorms,dormy,dorps,dorsa,doted,dotes,dotty,doubt,douce,dough,doula,douse,douts,doves,dowds,dowdy,dowel,dower,downs,downy,
dowry,dowse,doyen,dozed,dozen,dozer,dozes,draff,draft,drags,drail,drain,drake,drama,drams,drank,drape,drawl,drawn,draws,drays,dread,dream,drear,dreck,dreed,drees,dregs,dress,dreys,dried,drier,dries,drift,drill,drily,drink,drips,drive,droid,droll,drome,drone,droob,droog,drool,droop,drops,dross,drove,drown,drubs,drugs,druid,drums,drunk,drupe,druse,drusy,dryad,dryer,dryly,duads,duals,dubbo,ducal,ducat,duces,duchy,ducks,ducky,ducts,duded,dudes,duels,duets,duffs,dufus,dukes,dulia,dulls,dully,dulse,dumas,dumbo,dumbs,dumka,dumky,dummy,dumps,dumpy,dunam,dunce,dunes,dungs,dunno,dunny,dunts,duomo,duped,duper,dupes,duple,duppy,durns,duroc,durra,durry,durst,durum,durzi,dusks,dusky,dusts,dusty,dutch,duvet,duxes,dwaal,dwale,dwarf,dweeb,dwell,dwelt,dyads,dyers,dying,dyked,dykes,dykey,dynes,dzhos,eager,eagle,eagre,earls,early,earns,earth,eased,easel,eases,eaten,eater,eaves,ebbed,ebony,ebook,ecads,eclat,edema,edged,edges,edict,edify,edits,educe,eejit,eerie,effed,egads,egest,eggar,egged,egger,egret,eider,eidos,eight,eject,eking,ekkas,eland,elate,elbow,elder,elect,elegy,elemi,elfin,elide,elite,elope,elude,elute,elvan,elver,elves,email,embay,embed,ember,embus,emcee,emend,emery,emirs,emits,emmer,emmet,emote,empty,enact,ended,endow,endue,enema,enemy,enjoy,ennui,enoki,enrol,ensue,enter,entry,enure,envoi,envoy,eosin,epact,epees,ephah,ephod,ephor,epics,epoch,epode,epoxy,equal,equid,equip,erase,erect,ergot,erhus,erica,ernes,erode,erred,error,eruct,erupt,eruvs,erven,esker,essay,esses,ester,estop,ether,ethic,ethos,ethyl,ettle,etude,etuis,etyma,euros,evade,evens,event,evert,evict,evils,evite,evoke,ewers,exact,exalt,exams,excel,exeat,execs,exert,exile,exine,exist,exits,exons,expat,expel,expos,extol,extra,exude,exult,exurb,eying,eyots,eyras,eyres,eyrie,eyrir,fable,faced,facer,faces,
facet,facia,facts,faddy,faded,fader,fades,fadge,fados,faery,faffs,faggy,fagot,fails,faint,fairs,fairy,faith,faked,faker,fakes,fakie,fakir,falls,false,famed,fanal,fancy,fanes,fango,fangs,fanny,faqir,farad,farce,farcy,fards,fared,fares,farls,farms,farse,farts,fasts,fatal,fated,fates,fatso,fatty,fatwa,faugh,fault,fauna,fauns,favas,faves,favor,fawns,faxed,faxes,fayre,fazed,fazes,fears,feast,feats,fecal,feces,fecks,feebs,feeds,feels,feign,feint,felid,fella,fells,felly,felon,felts,femme,femur,fence,fends,feral,feria,fermi,ferns,ferry,fesse,festa,fests,fetal,fetch,feted,fetes,fetid,fetor,fetta,fetus,feuds,feued,fever,fiats,fiber,fibre,fibro,fiche,fichu,ficus,fidos,fiefs,field,fiend,fiery,fifed,fifes,fifth,fifty,fight,filch,filed,files,filet,fills,filly,filmi,films,filmy,filth,final,finca,finch,finds,fined,finer,fines,finis,finks,finny,finos,fiord,fired,fires,firie,firms,first,firth,fiscs,fishy,fisks,fists,fitch,fitna,fiver,fives,fixed,fixer,fixes,fizzy,fjord,flack,flags,flail,flair,flake,flaky,flame,flams,flank,flans,flare,flash,flask,flats,flaws,flays,fleas,fleck,fleer,flees,fleet,flesh,flews,flexo,flick,flics,flied,flier,flies,fling,flint,flips,flirt,flits,float,flock,flocs,floes,flogs,flood,floor,flops,flora,flory,floss,flour,flout,flown,flows,flubs,flues,fluey,fluff,fluid,fluke,fluky,flume,flump,flung,flunk,flush,flute,fluty,flyby,flyer,foals,foams,foamy,focal,focus,foehn,fogey,foggy,fogle,fogou,fohns,foils,foist,folds,foley,folia,folio,folks,folky,folly,fondu,fonts,foods,foody,fools,foots,footy,foray,forbs,forby,force,fordo,fords,forex,forge,forgo,forks,forme,forms,forte,forth,forts,forty,forum,fossa,fosse,fouls,found,fount,fours,fovea,fowls,foxed,foxes,foxie,foyer,frack,frags,frail,frame,franc,frank,fraps,frass,frats,fraud,frays,freak,freed,freer,frees,
fresh,frets,friar,fried,frier,fries,frigs,frill,frisk,frith,frits,fritz,frizz,frock,froes,frogs,frond,frons,front,frore,frosh,frost,froth,frown,frows,froze,frugs,fruit,frump,fryer,fubsy,fucks,fucus,fudge,fuels,fugal,fuggy,fugly,fugue,fujis,fulls,fully,fumed,fumes,fumet,fundi,funds,fungi,fungo,funks,funky,funny,furan,furls,furor,furry,furze,fused,fusee,fuses,fusil,fussy,fusty,futon,fuzed,fuzee,fuzes,fuzzy,fykes,fyrds,fytte,gabba,gabby,gable,gadge,gadid,gaffe,gaffs,gaged,gages,gaily,gains,gaits,galah,galas,galea,gales,galls,galop,galvo,gamay,gamba,gamed,gamer,games,gamey,gamin,gamma,gammy,gamps,gamut,ganch,ganef,gangs,ganja,gaols,gaped,gaper,gapes,garbo,garbs,garda,garth,gases,gasps,gassy,gated,gates,gator,gauds,gaudy,gauge,gault,gaunt,gaurs,gauss,gauze,gauzy,gavel,gawks,gawky,gawps,gayal,gayer,gazar,gazed,gazes,geans,gears,gecko,geeks,geeky,geese,geist,gelds,gelid,gelly,gemma,genes,genet,genic,genie,genii,genip,genoa,genre,gents,genua,genus,geode,geoid,germs,germy,gesso,getup,geums,ghats,ghazi,ghees,ghost,ghoul,ghyll,giant,gibed,gibes,gibus,giddy,gifts,gigot,gigue,gilds,gilet,gills,gilts,gimme,gimps,gings,ginks,ginzo,gippo,gipsy,girds,girls,girly,girns,giros,girth,girts,gismo,gists,gites,given,giver,gives,gizmo,glade,glads,glair,glams,gland,glans,glare,glass,glaze,gleam,glean,glebe,glees,gleet,glens,gleys,glide,glims,glint,glitz,gloat,globe,globs,glogg,gloms,gloom,gloop,glops,glory,gloss,glost,glove,glows,gloze,glued,glues,gluey,glugs,glume,gluon,glute,gluts,glyph,gnarl,gnash,gnats,gnaws,gnome,goads,goals,goats,goaty,gobar,gobby,gobos,godet,godly,goers,goest,goeth,gofer,gogga,going,golds,golem,golfs,golly,gomer,gonad,goner,gongs,gonif,gonks,gonzo,goods,goody,gooey,goofs,goofy,googs,gooks,gooly,goons,goops,goose,goosy,gopak,gopik,goral,gored,gores,gorse,
gosht,goths,gouge,goura,gourd,gouts,gouty,gowan,gowks,gowns,goyim,grabs,grace,grade,grads,graft,grail,grain,gramp,grams,grana,grand,grans,grant,grape,graph,grasp,grass,grate,grave,gravy,grays,graze,great,grebe,grebo,greed,greek,green,greet,greys,grids,grief,griff,grift,grigs,grike,grill,grime,grimy,grind,grins,griot,gripe,grips,grist,grits,groan,groat,grody,grogs,groin,groks,groom,grope,gross,grosz,grots,group,grout,grove,growl,grown,grows,grrls,grrrl,grubs,gruel,gruff,grume,grump,grunt,gryke,guano,guans,guard,guars,guava,guess,guest,guffs,guide,guild,guile,guilt,guiro,guise,gulag,gular,gulch,gules,gulet,gulfs,gulls,gully,gulps,gumbo,gumma,gummy,gunge,gunky,gunny,guppy,gurns,gurry,gurus,gushy,gussy,gusto,gusts,gusty,gutsy,gutty,guyed,guyot,gybed,gybes,gyppo,gypsy,gyral,gyred,gyres,gyron,gyros,gyrus,gyves,haars,habit,hacek,hacks,hadal,haded,hades,hadji,hadst,hafiz,hafts,haiks,haiku,hails,hairs,hairy,hajis,hajji,hakas,hakes,hakim,halal,haled,haler,hales,hallo,halls,halma,halon,halos,halts,halva,halve,hames,hammy,hamza,hands,handy,hangi,hangs,hanks,hanky,hanse,hants,haole,haoma,haply,happy,hapus,haram,hards,hardy,hared,harem,hares,harks,harms,harps,harpy,harry,harsh,harts,hasps,haste,hasty,hatch,hated,hater,hates,haugh,haulm,hauls,haunt,haven,haver,haves,havoc,hawks,hawse,hazed,hazel,hazer,hazes,heads,heady,heald,heals,heaps,heard,hears,heart,heath,heats,heave,heavy,hebes,heder,hedge,heeds,heels,hefts,hefty,heigh,heirs,heist,helio,helix,hello,helms,helos,helot,helps,helve,hemal,hence,henge,henna,henry,herbs,herby,herds,herls,herms,heron,hertz,hests,heugh,hevea,hewed,hewer,hexad,hexed,hexes,hexyl,hicks,hides,highs,hight,hijab,hijra,hiked,hiker,hikes,hikoi,hilar,hills,hilly,hilts,hilum,hilus,himbo,hinds,hinge,hinky,hinny,hints,hippo,hippy,hired,hires,hitch,
hithe,hived,hives,hoagy,hoard,hoary,hobby,hobos,hocks,hocus,hogan,hoggs,hoick,hoist,hoked,hokes,hokey,hokku,hokum,holds,holed,holes,holla,holly,holms,holts,homed,homer,homes,homey,homie,homos,honed,hones,honey,hongi,honks,honky,honor,hooch,hoods,hoody,hooey,hoofs,hooks,hooky,hoons,hoops,hoots,hoped,hopes,horah,horal,horas,horde,horns,horny,horse,horst,horsy,hosed,hosel,hoser,hoses,hosta,hosts,hotch,hotel,hotly,hotty,hough,hound,houri,hours,house,hovel,hover,howdy,howes,howff,howls,hoyas,hoyed,hubby,hucks,huffs,huffy,huger,huias,hulas,hulks,hullo,hulls,human,humic,humid,humor,humph,humps,humpy,humus,hunch,hunks,hunky,hunts,hurls,hurry,hurst,hurts,husks,husky,hussy,hutch,hutia,huzza,hydra,hydro,hyena,hying,hylic,hymen,hymns,hyoid,hyped,hyper,hypes,hypha,hyphy,hypos,hyrax,hyson,hythe,iambi,iambs,ichor,icier,icing,ickle,icons,ictal,ictus,ideal,ideas,ident,idiom,idiot,idled,idler,idles,idols,idyll,idyls,iftar,igloo,ikats,ikons,ileum,ileus,iliac,ilium,iller,image,imago,imams,imari,imbed,imbue,imide,imine,imped,impel,impis,imply,inane,inapt,inbox,incog,incur,incus,index,indie,indri,indue,inept,inert,infer,infix,infra,ingle,ingot,inion,inked,inkle,inlay,inlet,inner,input,inset,intel,inter,intis,intro,inure,inurn,invar,ionic,iotas,ippon,irade,irate,irked,iroko,irons,irony,isles,islet,issei,issue,istle,itchy,items,ivied,ivies,ivory,ixias,ixtle,izard,izzat,jabot,jacal,jacks,jacky,jaded,jades,jaffa,jaggy,jails,jalap,jambs,jammy,janes,japan,japed,japes,jarls,jarul,jaspe,jatos,jaunt,jawan,jawed,jazzy,jeans,jebel,jeeps,jeers,jefes,jehad,jello,jells,jelly,jemmy,jenny,jerks,jerky,jerry,jests,jetes,jetty,jewel,jibed,jibes,jiffs,jiffy,jiggy,jihad,jills,jilts,jimmy,jingo,jinks,jinni,jinns,jirds,jirga,jisms,jived,jives,jocks,joeys,johns,joins,joint,joist,joked,joker,jokes,
jokey,jolly,jolts,jones,jongs,jooks,jorum,jotas,jotun,joual,jougs,jouks,joule,joust,jowar,jowls,joyed,jubes,judas,judge,jugal,jugum,juice,juicy,jujus,juked,jukes,julep,jumar,jumbo,jumps,jumpy,junco,junks,junky,junta,junto,jural,jurat,juror,jutes,juvie,kabob,kadis,kafir,kagus,kakas,kakis,kalis,kalpa,kames,kanga,kanji,kanzu,kaons,kapok,kappa,kaput,karas,karat,karma,karri,karst,karts,karzy,kasha,katas,kauri,kavas,kayak,kayos,kazoo,kebab,kecks,kedge,keech,keeks,keels,keema,keens,keeps,keeve,kefir,kelim,kelps,kelts,kemps,kempt,kenaf,kendo,kente,kepis,kerbs,kerfs,kerne,kerns,ketch,kevel,keyed,khadi,khaki,khans,khats,khazi,khors,khoum,khuds,kiaat,kiang,kibes,kibla,kicks,kicky,kiddo,kiddy,kiers,kieve,kikes,kikoi,kilim,kills,kilns,kilos,kilts,kinda,kinds,kindy,kings,kinin,kinks,kinky,kiosk,kippa,kirks,kissy,kists,kiths,kitty,kivas,kiwis,klick,klieg,kliks,klong,kloof,kluge,klutz,knack,knags,knaps,knars,knave,knead,kneed,kneel,knees,knell,knelt,knife,knish,knits,knobs,knock,knoll,knops,knots,knout,known,knows,knurl,knurr,knurs,koala,koans,koels,kofta,kohas,kohen,koine,kolas,kolos,kombu,kooks,kooky,kopek,kopje,korai,koras,korma,korus,kotos,kraal,kraft,krait,krans,kraut,krewe,krill,krona,krone,kroon,kudos,kudus,kudzu,kugel,kukri,kulak,kulan,kulfi,kurta,kurus,kvass,kvell,kwela,kyats,kyles,kylie,kylix,kyloe,kypes,kyrie,kytes,label,labia,labor,labra,laced,laces,lacks,laded,laden,lades,ladle,lagan,lager,lahar,laics,laird,lairs,lairy,laity,laker,lakes,laksa,lamas,lambs,lamed,lamer,lames,lamia,lamps,lanai,lance,lands,lanes,lanky,lapel,lapis,lapse,larch,lards,large,largo,laris,larks,larns,larva,lased,laser,lases,lassi,lasso,lasts,latch,later,latex,lathe,lathi,laths,latke,latte,lauds,laugh,lavas,laved,laver,laves,lawks,lawns,laxer,layer,layup,lazar,lazed,lazes,leach,leads,
leafs,leafy,leaks,leaky,leans,leant,leaps,leapt,learn,lease,leash,least,leats,leave,leccy,ledge,leech,leeks,leers,leery,leets,lefts,lefty,legal,leggy,legit,lehrs,leman,lemma,lemon,lemur,lends,lenis,lenos,lento,leone,leper,lepta,lesbo,leses,letch,letup,levee,level,lever,levin,lewis,lexis,lezzy,liana,liane,liard,liars,libel,libra,licit,licks,lidar,lidos,liege,liens,lifer,lifts,liger,light,liked,liken,likes,lilac,lilos,lilts,limba,limbi,limbo,limbs,limed,limen,limes,limey,limit,limns,limos,limps,linac,lined,linen,liner,lines,linga,lingo,lings,links,linky,linns,linos,linux,lions,lipas,lipid,lippy,lisle,lisps,lists,litas,liter,lithe,litho,litre,lived,liven,liver,livid,llama,llano,loach,loads,loafs,loamy,loans,loath,lobar,lobby,lobes,lobos,local,lochs,locks,locos,locum,locus,loden,lodes,lodge,loess,lofts,lofty,logan,loges,logia,logic,login,logon,logos,loins,lolls,lolly,loner,longa,longe,longs,looey,loofa,looie,looks,looms,loons,loony,loops,loopy,loose,loots,loped,lopes,loppy,lords,lordy,lores,loris,lorry,losel,loser,loses,lossy,lotas,lotic,lotto,lotus,lough,louis,loupe,loups,lours,louse,lousy,louts,lovat,loved,lover,loves,lovey,lowed,lower,lowes,lowly,loyal,luaus,lubed,lubes,lubra,lucid,lucks,lucky,lucre,ludic,luffa,luffs,luged,luger,luges,lulls,lulus,lumas,lumen,lumme,lumps,lumpy,lunar,lunch,lunes,lunge,lungi,lungs,lunks,lupin,lupus,lurch,lured,lures,lurex,lurgy,lurid,lurks,lurve,lusts,lusty,luted,lutes,luvvy,lyase,lycee,lycra,lying,lymph,lynch,lyres,lyric,lysed,lyses,lysin,lysis,lytic,maaed,maars,macaw,maced,macer,maces,mache,macho,macks,macle,macro,madam,madly,mafia,mafic,mages,magic,magma,magus,mahoe,mahua,mahwa,maids,mails,maims,mains,maize,major,makar,maker,makes,makos,malar,malas,males,malik,malis,malls,malms,malts,malty,mamas,mamba,mambo,mamey,mamma,
mammy,manat,manes,manga,mange,mango,mangy,mania,manic,manky,manly,manna,manor,manse,manta,manul,manus,maple,marae,maras,march,marcs,mardy,mares,marge,margs,maria,marks,marls,marri,marry,marsh,marts,marvy,maser,masks,mason,massa,massy,masts,matai,match,mated,mater,mates,matey,maths,matin,matte,matzo,mauby,mauds,mauls,maund,mauri,mauve,maven,mavis,maxed,maxes,maxim,maxis,maybe,mayor,mayos,mayst,mazed,mazer,mazes,mbira,meads,meals,mealy,means,meant,meany,meats,meaty,mebos,medal,media,medic,meeds,meets,melas,melba,melds,melee,melic,melon,melts,melty,memes,memos,mends,mento,menus,meows,merch,mercs,mercy,merde,meres,merge,merit,merle,merls,merry,mesas,mesic,mesne,meson,messy,metal,meted,meter,metes,metho,meths,metic,metis,metol,metre,metro,mewed,mewls,mezes,mezze,mezzo,miaow,miasm,miaul,micks,micro,middy,midge,midis,midst,miens,miffs,miffy,might,mihis,miked,mikes,milch,miler,miles,milfs,milia,milko,milks,milky,mills,milts,mimed,mimeo,mimes,mimic,mimsy,mince,minds,mined,miner,mines,minge,mingy,minim,minis,minke,minks,minor,mints,minus,mired,mires,mirex,mirin,mirky,mirth,mirvs,miser,missy,mists,misty,mitch,miter,mites,mitre,mitts,mixed,mixer,mixes,mixup,mizen,moans,moats,mobes,mobey,mocha,mocks,modal,model,modem,modes,moggy,mogul,mohel,moils,moire,moist,mojos,mokes,mokos,molal,molar,molas,molds,moldy,moles,molls,molly,molts,momma,mommy,monad,monal,mondo,money,mongo,mongs,monks,monos,monte,month,moobs,mooch,moods,moody,mooed,mooks,moola,mooli,moong,moons,moony,moors,moose,moots,moped,mopes,moral,moray,morel,mores,morns,moron,morph,morse,morts,mosey,mossy,motel,motes,motet,moths,mothy,motif,motor,motte,motto,moues,mould,moult,mound,mount,mourn,mouse,mousy,mouth,moved,mover,moves,movie,mowed,mower,moxie,mozos,mucho,mucid,mucin,mucks,mucky,mucro,mucus,muddy,mudra,
muffs,mufti,muggy,mulch,mulct,mules,muley,mulga,mulla,mulls,mummy,mumps,mumsy,munch,munge,mungo,mungs,munis,muons,mural,mured,mures,murex,murid,murky,murre,murri,mused,muses,mushy,music,musks,musky,musos,musth,musts,musty,mutch,muted,mutes,mutha,muton,mutts,muxed,muxes,muzzy,myall,mylar,mynah,mynas,myope,myrrh,mysid,mythi,myths,mzees,naans,nabes,nabob,nacho,nacre,nadir,naevi,nagas,naiad,naifs,nails,naira,naive,naked,naker,nakfa,nalas,named,names,nanas,nance,nancy,nanna,nanny,napes,napoo,nappa,nappe,nappy,narco,narcs,nards,nares,naris,narks,narky,nasal,nashi,nasty,natal,natch,nates,natty,naval,navel,naves,navvy,nawab,nazis,neaps,nears,neath,neats,necks,neddy,needs,needy,neems,neeps,negro,negus,neigh,nelly,nenes,neons,neper,nerds,nerdy,nerks,nerve,nervy,nests,netts,netty,neume,neums,never,nevus,newel,newer,newie,newly,newsy,newts,nexus,ngaio,ngoma,ngwee,nicad,nicer,niche,nicks,nides,nidus,niece,niffs,nifty,night,nikah,nimbi,nines,ninja,ninny,ninon,ninth,nipas,nippy,niqab,nisei,niter,nites,nitid,nitre,nitro,nival,nixed,nixer,nixes,nixie,nizam,noble,nobly,nocks,nodal,noddy,nodes,nodus,noels,nohow,noils,noirs,noise,noisy,nomad,nomen,nomes,nonce,nones,nonet,nongs,nonis,nonyl,noobs,nooks,nooky,noons,noose,nopal,noria,norks,norms,north,nosed,noses,nosey,notch,noted,notes,notum,nouns,novae,novas,novel,noway,nowed,noyau,nubby,nudes,nudge,nudie,nuked,nukes,nulla,nulls,numbs,numen,nurds,nurdy,nurse,nutso,nutsy,nutty,nyala,nylon,nymph,oaked,oaken,oakum,oared,oases,oasis,oasts,oaten,oater,oaths,obeah,obeli,obese,obeys,obits,oboes,obols,occur,ocean,ocher,oches,ochre,ocker,ocrea,octad,octal,octet,octyl,oculi,odder,oddly,odeon,odeum,odium,odors,odour,ofays,offal,offed,offer,offie,oflag,often,ogams,ogees,ogham,ogive,ogled,ogles,ogres,oidia,oiled,oiler,oinks,okapi,okays,
oktas,olden,older,oldie,oleum,olios,olive,ollie,ology,omasa,ombre,omega,omens,omers,omits,oncer,oners,onion,onkus,onset,ontic,oohed,oomph,ootid,oozed,oozes,opahs,opals,opens,opepe,opera,opine,oping,opium,oppos,opsin,opted,optic,orach,oracy,orals,orang,orate,orbit,orcas,orcin,order,oread,orfes,organ,oribi,oriel,orles,orlop,ormer,orpin,orris,ortho,oscar,osier,osmic,ostia,otaku,other,otter,ottos,ouens,ought,ounce,ousel,ousts,outdo,outed,outer,outgo,outre,outro,ouzel,ouzos,ovals,ovary,ovate,ovens,overs,overt,ovine,ovoid,ovolo,ovule,owing,owlet,owned,owner,oxbow,oxers,oxeye,oxide,oxies,oxlip,oxter,ozone,paans,pacas,paced,pacer,paces,pacey,pacha,packs,pacts,paddy,padre,paean,paedo,paeon,pagan,paged,pager,pages,pagri,pails,pains,paint,pairs,paisa,paise,palea,paled,paler,pales,palls,pally,palms,palmy,palpi,palps,palsy,panda,panel,panes,panga,pangs,panic,panko,panne,pansy,panto,pants,panty,papal,papas,papaw,paper,pappi,pappy,paras,parch,pards,pared,pareo,pares,parev,parge,parka,parks,parky,parol,parps,parry,parse,parts,party,parve,paseo,pasha,passe,pasta,paste,pasts,pasty,patch,paten,pater,pates,paths,patio,patka,patsy,patty,patus,pauas,pause,pavan,paved,paver,paves,pawed,pawky,pawls,pawns,payed,payee,payer,peace,peach,peaks,peaky,peals,pearl,pears,peart,pease,peats,peavy,pecan,pecks,pedal,pedes,peeks,peels,peens,peeps,peers,peery,peeve,peggy,pekan,pekes,pekoe,pelta,pelts,penal,pence,penes,pengo,penis,penna,penne,penni,penny,peons,peony,pepos,peppy,perch,peril,peris,perks,perky,perms,perps,perry,perse,perve,pervs,pervy,pesky,pesos,pesto,pests,petal,peter,petit,petty,pewee,pewit,phage,phare,phial,phlox,phone,phono,phons,phony,photo,phots,phyla,piano,picas,piccy,picks,picky,picot,piece,piers,pieta,piets,piety,piezo,piggy,pigmy,pikas,piked,piker,pikes,pikey,pilaf,
pilau,pilea,piled,pilei,piles,pills,pilot,pimps,pinas,pinch,pined,pines,piney,pingo,pings,pinko,pinks,pinky,pinna,pinny,pinon,pinot,pinta,pinto,pints,pinup,pions,pious,pipal,pipas,piped,piper,pipes,pipet,pipis,pipit,pique,pirog,pisco,pisky,pissy,piste,pitas,pitch,piths,pithy,piton,pitta,pivot,pixel,pixie,pizza,place,plage,plaid,plain,plait,plane,plank,plans,plant,plash,plasm,plate,plats,platy,playa,plays,plaza,plead,pleas,pleat,plebe,plebs,plews,plica,plied,plies,plink,plods,plonk,plops,plots,plotz,plows,ploys,pluck,plugs,plumb,plume,plump,plums,plumy,plunk,plush,poach,pocks,pocky,poddy,podge,podgy,podia,poems,poesy,poets,pogey,pogos,poilu,poind,point,poise,poked,poker,pokes,pokey,pokie,polar,poled,poler,poles,poley,polio,polis,polje,polka,polls,polyp,polys,pombe,pomes,pommy,pomps,ponce,poncy,ponds,ponga,pongo,pongs,ponzu,pooch,pooed,poofs,poofy,poohs,pooja,pooka,pools,poons,poops,poori,poots,poove,popes,poppa,poppy,popsy,porch,pored,pores,porgy,porks,porky,porno,porny,porta,ports,posed,poser,poses,posey,posho,posit,posse,posts,potch,potoo,potto,potty,pouch,poufs,poult,pound,pours,pouts,pouty,powan,power,poxes,pozzy,praam,prads,prahu,prams,prana,prang,prank,prase,prate,prats,praus,prawn,prays,preen,prems,preps,press,prexy,preys,prial,price,prick,pricy,pride,pried,pries,prigs,prill,prime,primo,primp,prims,prink,print,prion,prior,prise,prism,privy,prize,proas,probe,probs,prods,proem,profs,progs,prole,promo,proms,prone,prong,pronk,proof,props,prose,prosy,proto,proud,prove,prowl,prows,proxy,prude,prune,psalm,pseud,pshaw,psoas,psych,pubes,pubic,pubis,pucka,pucks,pudge,pudgy,pudus,puffs,puffy,puggy,pujas,pukas,puked,pukes,pukka,pukus,pulao,puled,pules,pulik,pulka,pulks,pulli,pulls,pulps,pulpy,pulse,pumas,pumps,punas,punch,punga,punks,punky,punny,punts,punty,
pupae,pupil,puppy,puree,purer,purge,puris,purls,purrs,purse,pursy,purty,pushy,pussy,putti,putto,putts,putty,pyets,pygmy,pylon,pyots,pyres,pyrex,pyros,pyxes,pyxis,pzazz,qadis,qanat,qibla,quack,quads,quaff,quags,quail,quake,quale,qualm,quant,quare,quark,quart,quash,quasi,quays,qubit,quean,queen,queer,quell,quern,query,quest,queue,quick,quids,quiet,quiff,quill,quilt,quims,quins,quint,quips,quipu,quire,quirk,quirt,quite,quits,quoin,quoit,quoll,quota,quote,quoth,qursh,rabbi,rabid,raced,racer,races,racks,racon,radar,radge,radii,radio,radix,radon,rafts,ragas,raged,rager,rages,ragga,raggy,ragus,rahui,raids,rails,rains,rainy,raise,raita,rajah,rajas,raked,rakes,rales,rally,ralph,ramen,ramie,rammy,ramps,ramus,ranch,rands,randy,ranee,ranga,range,rangy,ranis,ranks,rants,raper,raphe,rapid,rarer,rased,rases,rasps,raspy,rasta,ratas,rated,ratel,rates,rathe,raths,ratio,ratty,raved,ravel,raven,raver,raves,ravin,rawer,rayed,rayon,razed,razes,razoo,razor,reach,react,reads,ready,realm,reals,reams,reaps,rearm,rears,reave,rebar,rebbe,rebec,rebel,rebid,rebus,rebut,recap,recce,recks,recon,recta,recti,recto,recur,recut,redan,redds,redes,redid,redos,redox,redux,reeds,reedy,reefs,reeks,reels,reeve,refer,reffo,refit,refix,regal,regos,rehab,reify,reign,reiki,reins,reive,rejig,rekey,relax,relay,relet,relic,relit,reman,remap,remex,remit,remix,renal,rends,renew,renga,renin,rents,repay,repel,reply,repos,repot,repro,reran,rerun,resat,reset,resin,resit,resto,rests,retch,retia,retie,retro,retry,reuse,revel,revet,revue,rexes,rheas,rheme,rheum,rhino,rhomb,rhumb,rhyme,rhyta,riads,rials,ribby,riced,ricer,rices,ricin,ricks,rider,rides,ridge,riels,riems,riffs,rifle,rifts,right,rigid,rigor,riled,riles,riley,rille,rills,rimed,rimes,rimus,rinds,rings,rinks,rinse,rioja,riots,ripen,riper,risen,riser,
rises,rishi,risks,risky,rites,ritzy,rival,rived,riven,river,rives,rivet,riyal,roach,roads,roams,roans,roars,roast,robed,robes,robin,robot,rocks,rocky,rodeo,rodes,roger,rogue,roils,roily,roles,rolfs,rolls,roman,romps,ronde,rondo,ronin,roods,roofs,rooks,rooms,roomy,roost,roots,roped,roper,ropes,ropey,roque,rorts,rorty,rosed,roses,rosin,rosti,rotas,rotis,rotor,rouge,rough,round,roups,rouse,roust,route,routs,roved,rover,roves,rowan,rowdy,rowed,rowel,rowen,rower,royal,rubes,ruble,ruche,rucks,ruddy,ruder,ruffe,ruffs,rugby,ruing,ruins,rukhs,ruled,ruler,rules,rumba,rumen,rummy,rumor,rumps,runes,rungs,runny,runts,rupee,rural,ruses,rusks,rusts,rusty,rutin,ryots,saber,sable,sabot,sabra,sabre,sacks,sacra,saddo,sadhu,sadly,sadza,safer,safes,sagas,sages,saggy,sagos,sahib,saiga,sails,saint,saith,saker,sakes,sakis,salad,salal,salep,sales,sally,salmi,salon,salps,salsa,salts,salty,salve,salvo,saman,samba,sambo,samey,samfu,sands,sandy,saner,sanga,sango,sansa,saola,sapid,sappy,saran,sards,saree,sarge,sarin,saris,sarks,sarky,sarod,saros,sasin,sassy,satai,satay,sated,satin,satis,satyr,sauce,saucy,sauna,saury,saute,saved,saver,saves,savin,savor,savoy,savvy,sawed,saxes,sazes,scabs,scads,scags,scald,scale,scalp,scaly,scamp,scams,scans,scant,scape,scare,scarf,scarp,scars,scart,scary,scats,scaup,scaur,scena,scend,scene,scent,schmo,schwa,scion,scoff,scold,scone,scoop,scoot,scopa,scope,score,scorn,scots,scour,scout,scowl,scows,scrab,scrag,scram,scran,scrap,scree,screw,scrim,scrip,scrod,scrub,scrum,scuba,scudi,scudo,scuds,scuff,scull,sculp,scums,scurf,scuta,scute,scuts,scuzz,seals,seams,seamy,sears,seats,sebum,secco,sects,sedan,seder,sedge,sedum,seeds,seedy,seeks,seels,seems,seeps,seers,segos,segue,seifs,seine,seise,seize,selah,selfs,sells,selva,semee,semen,semes,semis,sends,senes,
senna,senor,sense,sente,sents,sepal,sepia,sepoy,septa,septs,serac,serai,seres,serfs,serge,serif,serin,serow,serum,serve,servo,setae,seton,setts,setup,seven,sever,sewed,sewen,sewer,sewin,sexed,sexes,sexts,shack,shade,shads,shady,shaft,shags,shahs,shake,shako,shaky,shale,shall,shalt,shama,shame,shams,shank,shape,shard,share,shark,sharp,shart,shave,shawl,shawm,shaws,shays,shchi,sheaf,shear,sheds,sheen,sheep,sheer,sheet,sheik,shelf,shell,sherd,sheva,shews,shied,shies,shift,shill,shims,shine,shins,shiny,ships,shire,shirk,shirr,shirt,shiso,shite,shits,shiur,shiva,shive,shivs,shlep,shlub,shoal,shoat,shock,shoes,shoji,shone,shook,shoos,shoot,shops,shore,shorn,short,shote,shots,shout,shove,shown,shows,showy,shoyu,shred,shrew,shrub,shrug,shtum,shtup,shuck,shuls,shuns,shunt,shura,shush,shuts,shyer,shyly,sibyl,sices,sicko,sicks,sidas,sided,sides,sidhe,sidle,siege,sieve,sighs,sight,sigil,sigla,sigma,signs,sikas,sikes,silex,silks,silky,sills,silly,silos,silts,simps,simul,since,sines,sinew,singe,sings,sinks,sinus,sipes,sired,siree,siren,sires,sirup,sisal,sissy,sitar,sited,sites,situs,sixer,sixes,sixte,sixth,sixty,sizar,sized,sizes,skags,skald,skank,skate,skean,skeet,skegs,skein,skell,skelp,skene,skeps,skews,skids,skied,skier,skies,skiff,skill,skimp,skims,skink,skins,skint,skips,skirl,skirr,skirt,skite,skits,skive,skoal,skort,skosh,skuas,skulk,skull,skunk,skyey,slabs,slack,slade,slags,slain,slake,slams,slang,slant,slaps,slash,slate,slats,slave,slays,slebs,sleds,sleek,sleep,sleet,slept,slews,sleys,slice,slick,slide,slily,slime,slims,slimy,sling,slink,slips,slits,slobs,sloes,slogs,sloop,sloot,slope,slops,slosh,sloth,slots,slows,slubs,slued,slues,slugs,sluit,slump,slums,slung,slunk,slurp,slurs,slush,sluts,slyer,slyly,slype,smack,small,smalt,smarm,smart,smash,smaze,smear,
smell,smelt,smews,smile,smirk,smite,smith,smock,smogs,smoke,smoko,smoky,smolt,smoor,smore,smote,smush,smuts,snack,snafu,snags,snail,snake,snaky,snaps,snare,snarf,snark,snarl,snash,sneak,sneck,sneds,sneer,snell,snibs,snick,snide,sniff,snigs,snipe,snips,snits,snobs,snoek,snogs,snood,snook,snool,snoop,snoot,snore,snort,snots,snout,snows,snowy,snubs,snuck,snuff,snugs,soaks,soaps,soapy,soars,sober,socko,socks,socle,sodas,sodic,sofar,sofas,softa,softy,soggy,soils,sokes,solan,solar,soldi,soldo,soled,solei,soles,solid,solos,solus,solve,somas,sonar,sonde,sones,songs,sonic,sonny,sonsy,sooks,sools,sooth,soots,sooty,sophy,sopor,soppy,soras,sorbs,sords,sorel,sorer,sores,sorry,sorta,sorts,sorus,sotol,sough,souks,souls,sound,soups,soupy,sours,souse,south,sowed,space,spacy,spade,spaed,spaes,spahi,spake,spall,spams,spang,spank,spans,spare,spark,spars,spasm,spate,spats,spawn,spays,spaza,spazz,speak,spear,speck,specs,speed,spelk,spell,spelt,spend,spent,sperm,spews,spica,spice,spics,spicy,spide,spied,spiel,spies,spiff,spike,spiky,spile,spill,spilt,spine,spins,spire,spirt,spite,spits,spitz,spivs,splat,splay,split,spods,spoil,spoke,spoof,spook,spool,spoon,spoor,spore,spork,sport,spots,spout,sprag,sprat,spray,spree,sprig,sprit,sprog,sprue,spuds,spued,spues,spume,spunk,spurn,spurs,spurt,squab,squad,squat,squaw,squib,squid,squit,squiz,stabs,stack,staff,stage,stags,stagy,staid,stain,stair,stake,stale,stalk,stall,stamp,stand,stank,staph,stare,stark,stars,start,stash,state,stats,stave,stays,stead,steak,steal,steam,steed,steel,steen,steep,steer,stein,stela,stele,stems,steno,stent,steps,stere,stern,stets,stews,stick,stied,sties,stiff,stilb,stile,still,stilt,sting,stink,stint,stipe,stirk,stirs,stoas,stoat,stobs,stock,stoep,stogy,stoic,stoke,stole,stoma,stomp,stone,stonk,stony,stood,
stook,stool,stoop,stoor,stope,stops,store,stork,storm,story,stots,stoup,stour,stout,stove,stows,strap,straw,stray,strep,strew,stria,strim,strip,strop,strow,strum,strut,stubs,stuck,studs,study,stuff,stump,stums,stung,stunk,stuns,stunt,stupa,stupe,styes,style,styli,stylo,suave,sucks,sucky,sucre,suede,sugan,sugar,suing,suint,suite,suits,sukhs,sulci,sulfa,sulks,sulky,sully,sulus,sumac,summa,sumos,sumph,sumps,sunny,sunup,super,supra,surah,sural,suras,surds,surer,surfs,surge,surly,surra,sushi,sutra,sutta,swabs,swage,swags,swain,swale,swami,swamp,swank,swans,swaps,sward,sware,swarf,swarm,swart,swash,swath,swats,sways,swear,sweat,swede,sweep,sweet,swell,swept,swies,swift,swigs,swill,swims,swine,swing,swipe,swirl,swish,swiss,swive,swizz,swobs,swoon,swoop,swops,sword,swore,sworn,swots,swung,syces,sylph,synch,syncs,synod,synth,syrah,syrup,sysop,tabby,tabes,tabla,table,taboo,tabor,tabun,tabus,tache,tacho,tachs,tacit,tacks,tacky,tacos,taels,taffy,tafia,tagma,tahrs,taiga,taigs,taiko,tails,taint,tajes,taken,taker,takes,takin,talaq,talas,talcs,tales,talks,talky,tally,talon,taluk,talus,tamed,tamer,tames,tammy,tamps,tanga,tangi,tango,tangs,tangy,tanka,tanks,tansy,tanto,tapas,taped,taper,tapes,tapir,tapis,tappa,tardy,tares,targe,tarns,taros,tarot,tarps,tarry,tarsi,tarts,tarty,taser,tasks,taste,tasty,tater,tatie,tatts,tatty,taunt,taupe,tawas,tawed,tawny,tawse,taxed,taxes,taxis,taxol,taxon,tayra,tazza,teach,teaed,teaks,teals,teams,tears,teary,tease,teats,techs,techy,tecta,teddy,teems,teens,teeny,teeth,tegus,telco,teles,telex,telic,tells,telly,teloi,telos,tempi,tempo,temps,tempt,tench,tends,tendu,tenet,tenge,tenia,tenno,tenny,tenon,tenor,tense,tenth,tents,tepal,tepee,tepid,terai,terce,teres,terfs,terga,terms,terne,terns,terra,terry,terse,tesla,testa,tests,testy,tetra,tetri,
texts,thali,thana,thane,thang,thank,thars,thaws,thebe,theca,theft,thegn,theme,there,therm,these,thesp,theta,thews,thick,thief,thigh,thill,thine,thing,think,thins,thiol,third,thole,thong,thorn,thorp,those,three,threw,thrip,throb,throe,throw,thrum,thuds,thugs,thuja,thumb,thump,thunk,thuya,thyme,thymi,tians,tiara,tibia,ticks,tidal,tided,tides,tiers,tiffs,tiger,tigon,tikas,tikes,tikis,tikka,tilak,tilde,tiled,tiler,tiles,tills,tilth,tilts,timed,timer,times,timid,tinea,tines,tinge,tings,tinks,tinny,tints,tipis,tippy,tipsy,tired,tires,tiros,titan,titch,titer,tithe,titis,title,titre,titty,tiyin,tizzy,toads,toady,toast,tocos,today,toddy,toffs,toffy,tofts,togas,toile,toils,tokay,toked,token,tokes,tolar,tolls,tombs,tomes,tommy,tonal,tondi,tondo,toned,toner,tones,tonga,tongs,tonic,tonks,tonne,tonus,tools,toons,tooth,toots,topaz,toped,topee,topes,tophi,topic,topis,topoi,topos,toque,torch,torcs,tores,toric,torii,torse,torsi,torsk,torso,torta,torte,torts,torus,tosas,total,toted,totem,totes,totty,tough,tours,touts,towel,tower,towns,towny,toxic,toxin,toyed,toyon,trace,track,tract,trade,tragi,trail,train,trait,tramp,trams,trank,tranq,trans,traps,trash,trass,trawl,trays,tread,treat,treed,treen,trees,treks,trend,tress,trews,treys,triac,triad,trial,tribe,trice,trick,tried,trier,tries,trigs,trike,trill,trims,trine,trios,tripe,trips,trite,trogs,troll,tromp,trona,tronc,troop,trope,troth,trots,trout,trove,trows,truce,truck,trued,truer,trues,trugs,trull,truly,trump,trunk,truss,trust,truth,tryst,tsars,tsuba,tuans,tubal,tubas,tubby,tubed,tuber,tubes,tucks,tufts,tules,tulip,tulle,tumid,tummy,tumor,tumps,tunas,tuned,tuner,tunes,tunic,tunny,tupik,tuple,tuque,turbo,turds,turfs,turfy,turns,turps,tushy,tusks,tusky,tutee,tutor,tutti,tutus,tuxes,twain,twang,twats,tweak,tweed,tween,tweer,
tweet,twerk,twerp,twice,twigs,twill,twine,twink,twins,twiny,twirl,twirp,twist,twite,twits,twixt,twyer,tying,tykes,typed,types,typos,tyres,tyros,tzars,udder,ugali,uhlan,ukase,ulama,ulcer,ulema,ulnae,ulnas,ultra,umami,umbel,umber,umbos,umbra,umiak,ummah,ummas,umped,umpie,umrah,unapt,unarm,unary,unban,unbar,unbox,uncap,uncle,uncut,under,undid,undue,unfed,unfit,unhip,unify,union,unite,units,unity,unlay,unlet,unlit,unman,unmet,unpeg,unpin,unrig,unrip,unsay,unset,unsex,untie,until,unwed,unzip,updos,upend,upped,upper,upset,uraei,urate,urban,urged,urger,urges,urial,urine,urned,usage,users,usher,using,usual,usurp,usury,uteri,utile,utter,uveas,uvula,vacua,vagal,vague,vails,vairy,vakil,vales,valet,valid,valor,valse,value,valve,vamps,vanes,vangs,vapid,vapor,varec,varix,varna,varus,varve,vases,vasts,vatic,vault,vaunt,veena,veeps,veers,veery,vegan,vegas,veges,vegie,vegos,veils,veins,velar,velds,veldt,velum,venal,vends,venom,vents,venue,verbs,verge,verse,verso,verst,verts,vertu,verve,vesta,vests,vetch,vexed,vexes,vials,viand,vibes,vicar,vices,video,views,vigas,vigil,vigor,viler,villa,villi,vills,vinas,vinca,vines,vints,vinyl,viola,viols,viper,viral,vireo,virga,virtu,virus,visas,vises,visit,visor,vista,vital,vitas,vitta,vivas,vivat,vivid,vixen,vizor,vleis,vlogs,vocal,vodka,vodun,vogue,voice,voids,voila,voile,volar,voles,volet,volte,volts,volva,vomer,vomit,voted,voter,votes,vouch,vowed,vowel,voxel,vroom,vrouw,vulns,vulva,vying,wacke,wacko,wacks,wacky,waddy,waded,wader,wades,wadis,wafer,wafts,waged,wager,wages,wagon,wagyu,wahoo,waifs,wails,wains,waist,waits,waive,wakas,waked,waken,wakes,waldo,waler,wales,walis,walks,walls,wally,waltz,wands,waned,wanes,wanks,wanky,wants,wards,wared,wares,warez,warks,warms,warns,warps,warts,washy,wasps,waspy,waste,watch,water,watts,wauls,
waved,waver,waves,waxed,waxen,waxes,wazir,wazoo,weals,wears,weary,weave,weber,wedge,weeds,weedy,weeks,weens,weeny,weeps,weepy,weest,wefts,weigh,weird,weirs,wekas,welch,welds,wells,welly,welsh,welts,wench,wends,wersh,wetas,whack,whale,whams,whang,whaps,whare,wharf,whaup,wheal,wheat,wheel,wheen,whelk,whelm,whelp,where,whets,which,whiff,whigs,while,whims,whine,whins,whiny,whips,whirl,whirr,whirs,whisk,whist,white,whits,whity,whizz,whole,whomp,whoop,whops,whore,whorl,whose,whoso,whump,whups,wicks,widen,wider,wides,widow,width,wield,wifey,wifie,wiggy,wight,wikis,wilco,wilds,wiled,wiles,wilga,wills,willy,wilts,wimps,wimpy,wince,winch,winds,windy,wined,wines,wings,winks,winos,winze,wiped,wiper,wipes,wired,wires,wirra,wised,wiser,wises,wisps,wispy,witan,witch,withe,withy,witty,wived,wives,wizen,wodge,woken,wolds,wolfs,woman,wombs,women,womyn,wonga,wonks,wonky,wonts,woods,woody,wooed,woofs,wools,wooly,woosh,woozy,words,wordy,works,world,worms,wormy,worry,worse,worst,worth,worts,would,wound,woven,wowed,wowee,wrack,wraps,wrapt,wrath,wreak,wreck,wrens,wrest,wrier,wring,wrist,write,writs,wrong,wrote,wroth,wrung,wryer,wryly,wurst,wushu,wuxia,wynds,wynns,xebec,xenon,xeric,xerox,xoana,xylem,xysti,yabby,yacht,yacks,yahoo,yakka,yales,yampy,yanks,yapok,yappy,yards,yarks,yarns,yawed,yawls,yawns,yawny,yawps,yeans,yearn,years,yeast,yecch,yeggs,yells,yelps,yenta,yerba,yerks,yeses,yetis,yield,yikes,yipes,yobbo,yocks,yodel,yoghs,yogis,yoked,yokel,yokes,yolks,yomps,yonis,yonks,yorks,young,yourn,yours,youse,youth,yowls,yucas,yucca,yucks,yucky,yugas,yukky,yulan,yummy,yuppy,yurts,yuzus,zacks,zaire,zakat,zamia,zappy,zaxes,zayin,zazen,zebec,zebra,zebus,zeros,zests,zetas,ziffs,zilch,zinco,zincs,zineb,zines,zings,zippo,zippy,zloty,zonal,zoned,zones,zonks,zooid,zooms,zoris,zorro,zowie